{
    "ReRoutes": [
      {
        "DownstreamPathTemplate": "/api/user/{catchAll}",
        "DownstreamScheme": "http",
        "DownstreamHostAndPorts": [
          {
            "Host": "localhost",
            "Port": 9001
          }
        ],
        "UpstreamPathTemplate": "/user/{catchAll}",
        "QoSOptions": {
          "ExceptionsAllowedBeforeBreaking": 3,
          "DurationOfBreak": 5000,
          "TimeoutValue": 3000
        }
      },
      {
        "DownstreamPathTemplate": "/api/event/{catchAll}",
        "DownstreamScheme": "http",
        "DownstreamHostAndPorts": [
          {
            "Host": "localhost",
            "Port": 9002
          }
        ],
        "UpstreamPathTemplate": "/event/{catchAll}",
        "QoSOptions": {
          "ExceptionsAllowedBeforeBreaking": 3,
          "DurationOfBreak": 5000,
          "TimeoutValue": 3000
        }
      }   
    ],
  "GlobalConfiguration": {
    "BaseUrl": "http://localhost:9000"
  }
}