{
  "ReRoutes": [
    {
      "UseServiceDiscovery": true,
      "DownstreamPathTemplate": "/api/user/{catchAll}",
      "DownstreamScheme": "http",
      "ServiceName": "EventIdentityService",
      "LoadBalancerOptions": {
        "Type": "RoundRobin"
      },
      "UpstreamPathTemplate": "/user/{catchAll}",
      "QoSOptions": {
        "ExceptionsAllowedBeforeBreaking": 3,
        "DurationOfBreak": 5000,
        "TimeoutValue": 3000
      }
    },
    {
      "UseServiceDiscovery": true,
      "DownstreamPathTemplate": "/api/event/{catchAll}",
      "DownstreamScheme": "http",
      "ServiceName": "EventRegistrationService",
      "LoadBalancerOptions": {
        "Type": "RoundRobin"
      },
      "UpstreamPathTemplate": "/event/{catchAll}",
      "QoSOptions": {
        "ExceptionsAllowedBeforeBreaking": 3,
        "DurationOfBreak": 5000,
        "TimeoutValue": 3000
      }
    }
  ],
  "GlobalConfiguration": {
    "ServiceDiscoveryProvider": {
      "Host": "18.222.240.10",
      "Port": 80,
      "Type": "Consul"
    },
    "BaseUrl": "http://event-gateway-1128946116.us-east-2.elb.amazonaws.com"
  }
}